abbreviation,meaning
abbreviate,abbr
above mean sea level,AMSL
above water warfare,AWW
absent without leave,AWOL
abstract of evidence,A of E
accommodation,accn
account,acct
accounting unit,AU
acknowledge,ack
action,act
action information organization,AIO
actual time of arrival,ATA
additional,addl
additionally,addl
address,adds
address indicating group,AIG
adjutant,adjt
administer,admin
administration,admin
administrative,admin
administrative control,ADCON
administration and logistics,A&L
administrative order,AdminO
advance,adv
advance trade training,ATT
advantage,advtg
after action review,AAR
air command operations centre,ACOC
air control team,ACT
air defence artillery,ADA
air defence control centre,ADCC
air defence commander,ADC
air defence clearance,ADC
aid-de-camp,ADC
air defence plan,ADP
air defence exercise,ADEX
air defence ground environment,ADGE
air defence identification zone,ADIZ
air defence notification centre,ADNC
air defence operations centre,ADOC
air defence weapon system,ADWS
air force doctrine document,AFDD
air force instruction,AFI
air force letter,AFL
air force order,AFO
air intelligence preparation of the battle space,AIPB
air liaison net,ALN
air liaison officer,ALO
air operations command centre,AOCC
air operation directive,AOD
air operations plan,AOP
area of operation,AOP
air operations planning process,AOPP
air raid precaution,ARP
air raid reporting control ship,ARRCS
air support operations centre,ASOC
air surveillance radar,ASR
airspace control,ASCON
airspace control authority,ACA
airspace control measures,ACM
airspace control order,ACO
airspace control plan,ACP
air control post,ACP
allied communications publication,ACP
air tasking order,ATO
air to air guided weapon,AAGW
air to air missile,AAM
air to air guided missile,AAGM
air to air guided weapon,AAGW
air to air refuelling,AAR
air to surface guided weapon,ASGW
air to surface missile,ASM
air traffic control,ATC
air traffic control centre,ATCC
airborne early warning,AEW
airborne warning and control system,AWACS
aircraft,ac
aircraft accident investigation,AAI
aircraft establishment,AE
aircraft maintenance manual,AMM
aircraft on ground,AOG
airfield,airfd
airhead,ahd
all up weight,AUW
allocate,alloc
allotment,alot
allowance,allce
alter course,a/c
alternate,altn
alternative supply route,ASR
altitude,alt
ambulance,amb
amendment,amdt
ammunition,ammo
amphibious,amph
amphibious beach unit,ABU
amphibious task force,ATF
annex,anx
annual confidential report,ACR
annual performance report,APR
annual training grant,ATG
answer,ans
answers,ans
anti-tank,Atk
anti-aircraft,AA
anti aircraft artillery,AAA
anti-aircraft defence commander,AADC
anti-personnel,Apers
anti-tank guided missile,ATGM
anti-tank guided weapon,ATGW
anti-tank missile,ATM
anti-air warfare,AAW
anti-air warfare coordinator,AAWC
anti-radiation missile,ARM
anti-ship missile,ASM
anti-ship missile defence,ASMD
anti-submarine warfare,ASW
anti surface force operations,ASFO
anti-surface-vessel warfare,ASVW
anti-surface warfare,ASuW
appendix,appx
appoint,appt
appreciate,aprc
approach,app
application,appl
applications,appl
approximate,approx
area defence missile system,ADMS
area finance controller,AFC
area of interest,AOI
area of operation,AOP
area maritime headquarters,AMHQ
armament,armt
armed forces,AF
armed forces division,AFD
armed forces medical stores depot,AFMSD
armed forces war course,AFWC
armour,armr
armour piercing discarding sabot,APDS
armour piercing fin stabilized discarding sabot,APFSDS
armour piercing incendiary,API
armoured,armd
armoured command vehicle,ACV
armoured fighting vehicle,AFV
armoured personnel carrier,APC
armoured recovery vehicle,ARV
armoured vehicle launched bridge,AVLB
army air corps,AAC
army aviation unit,AAU
army doctrinal publication,ADP
army dress regulations,ADR
army headquarters,AHQ
army post office,APO
army regulations,AR
regulations,R
instructions,I
army security unit,ASU
army sports control board,ASCB
army training and doctrine command,ARTDOC
army training note,ATN
army training manual,ATM
army training publication,ATP
arrange,arng
arrive,arr
article in use,A in U
articles in use,A in U
artillery,arty
artillery course shooting,ACS
as soon as possible,ASP
assailability,asl
assault,aslt
assault ship,LPD
landing platform dock,LPD
assembly,assy
assembly area,Assy A
assign,asg
assist,asst
assistant engineer,AE
assistant garrison engineer,AGE
asymmetric warfare,AW
attach,att
attack,attk
attend,atnd
attention,attn
authenticate,authen
attack helicopter,AH
automated air tasking order,AATO
authorized proportion,AP
authorize,auth
automatic direction finder,ADF
auxiliary,aux
auxiliary effort,AE
auxiliary gathering intelligence,AGI
auxiliary power unit,APU
avenue of approach,AA
average,avg
aviation,avn
aviation gasoline,AVGAS
aviation oil,AVOIL
axis of advance,A of A
azimuth,az
back loading point,BLP
backload,bkld
balance,bal
bangladesh air force,BAF
bangladesh armed services board,BASB
bangladesh army,BA
bangladesh army order,BAO
bangladesh coast guard,BCG
bangladesh diesel plant,BDP
bangladesh infantry,BI
bangladesh infantry regiment,BIR
bangladesh institute of maritime research and development,BIMRAD
bangladesh machine tools factory,BMTF
bangladesh national authority for chemical weapons convention,BNACWC
bangladesh national cadet corps,BNCC
bangladesh naval armament depot,BNAD
bangladesh navy,BN
bangladesh navy floating crane,BNFC
bangladesh navy floating dock,BNFD
bangladesh navy hydrographic and oceanographic centre,BNHOC
bangladesh navy ship,BNS
bangladesh navy sports control board,BNSCB
bangladesh navy tug,BNT
bangladesh ordnance factory,BOF
barrack,bk
base headquarters,BHQ
base supply depot,BSD
bangladesh university of professionals,BUP
bangabandhu sheikh mujibur rahman maritime university,BSMRMU
base workshop,Bwksp
basic ordering agreement,BOA
basic map reading,BMR
basic trade training,BTT
battalion,bn
battery,bty
battery command post,BCP
battle,btl
battlefield operating system,BOS
battlefield synchronization matrix,BSM
battle group,BG
battle inoculation,BI
battlefield air interdiction,BAI
beachhead,bhd
beacon,bcn
bearing,bg
beyond economic repair,BER
beyond local repair,BLR
beyond visual range,BVR
bibliography,bib
biological warfare,BW
binocular,Bino
bir bikram,BB
bir protik,BP
bir srestha,BS
bir uttam,BU
bivouac,biv
board of enquiry,BOE
board of inquiry,BOI
board of officers,B of O
boatswain,BOS'N
bomber,B
bombing,Bx
bombing report,BOMBREP
border guard bangladesh,BGB
boundary,bdry
branch recruiting unit,BRU
break clean line,BCL
break up shot,BUS
bridgehead,brH
brigade,bde
broadcast,bro
budget,bgt
built up area,BUA
bulk breaking point,BBP
butchery,bchy
build-operate-transfer,BOT
cadet,cdt
calculate,cal
calibrate,calb
camouflage,cam
camouflage and concealment,C/C
canalize,cnz
cantonment executive officer,CEO
canteen stores department,CSD
cantonment,cantt
capability,cap
capture,capr
care and maintenance,C&M
carpenter,carp
carrier controlled approach,CCA
carry,carr
camouflage concealment and deception,CCD
cartesian coordinate grid,CCG
cartridge,cart
casual leave,C Lve
casualty evacuation,CASEVAC
categorize,cat
cathode ray tube,CRT
cavalry,cav
central ammunition depot,CAD
central mechanical transport depot,CMTD
central officers' record office,CORO
central ordnance depot,COD
central processing unit,CPU
centralize,cen
centre,cen
centre of gravity,CG
centre for naval research and development,CNRD
certify,cert
certificate,cert
channel,ch
channelize,ch
chemical warfare,CW
chemical biological radiological and nuclear,CBRN
chattogram hill tracts,CHT
check,chk
circuit,cct
circular,cir
circular error probability,CEP
civil,civ
civilian,civ
civil affairs,CA
civil military relations,CMR
class,cl
classify,cl
clearance diver,CD
clearance diving team,CDT
clear,clr
clearance,clr
clerk,clk
close air support,CAS
close in weapon system,CIWS
closest point of approach,CPA
close quarter battle,CQB
close quarter combat,CQC
coastal radar station,CRS
co-locate,coloc
column,colm
combat,cbt
combat supply,C sup
combat search and rescue,CSAR
combat air patrol,CAP
combat decision making process,CDMP
combat group,cbt G
combat information centre,CIC
combat team,cbt T
combat vehicle reconnaissance,CVR
combat vehicle reconnaissance tracked,CVR(T)
combat vehicle reconnaissance wheeled,CVR(W)
combat zone,CZ
combine,comb
combined anti-submarine exercise,CASEX
combined military hospital,CMH
command,comd
commander,comd
commander’s critical information requirement,CCIR
commandant,comdt
command and control,C2
command and control intelligence surveillance and reconnaissance systems,C2ISR
command post exercise,CPX
command control and communications,C3
command control communication computer and intelligence,C4I
command control communication computer intelligence surveillance and reconnaissance,C4ISR
commander amphibious task force,CATF
commander landing force,CLF
commander in chief,C in C
commander task element,CTE
commander task force,CTF
commander task group,CTG
commander task unit,CTU
commando,cdo
commitment,cmt
communication centre,COMCEN
communication head,COMHD
communication intelligence,COMINT
communication plan,COMPLAN
communication security,COMSEC
communication zone,CommZ
company,coy
comparative statement,CST
competent financial authority,CFA
competition,cmpt
composite,comp
composite brigade,COMBDE
composite maintenance group,CMG
composition,composn
composition exploding,CE
computer,com
computer assisted action information system,CAAIS
computer assisted exercise,CAX
concealment,conct
concentrate,conc
concept of operation,C of O
conclude,concl
conclusion,concl
conclusions,concl
concentration area,Conc A
conference,conf
confidential,confd
confidentiality,confd
confirm,cfm
confirmatory notes,CN
construct,constr
contingency,contg
contingent,contgt
contingent owned equipment,COE
continue,cont
control,ctrl
control and reporting,C&R
control zone,CTZ
control zone air traffic,CTZ
convalesce,convl
conventional,conv
conventional warfare,CW
conventional warfare force,CWF
conversation,cnsn
concept of composite air operations,COMAO
condition,cond
consider,cons
consideration,cons
cook,ck
cooperation,coop
coordinate,coord
coronary care unit,CCU
correction,corrn
correspondence,Corres
corrugated galvanized iron,CGI
counter attack,C attk
counter countermeasure,CCM
counter insurgency operation,CIO
counter intelligence,C int
counter penetration,C pen
countermeasure,CM
course of action,COA
court of inquiry,C of I
critical capability,CC
critical event,CE
critical events,CE
critical requirement,CR
critical vulnerability,CV
cross,X
crossing,X
cross road,xrd
crypto centre,CRYPCEN
culminating point,cul P
cumulative grade point average,CGPA
cyber,cyb
cyber warfare,cybW
cycle ending exercise,CEE
daily maintenance,DM
dangerously ill,DI
date,dt
date-time-group,DTG
dangerously ill list,DIL
dead reckoning,DR
debit voucher,DV
debussing point,D pt
decision making process,DMP
decision support template,DST
decisive conditions,DC
decontaminate,decon
deck decompression chamber,DDC
deck landing,DL
defensive counter-air,DCA
defensive counter air operations,DCAO
defence committee of the cabinet,DCC
defender class boat,DCB
degaussing,DG
degree,Deg
deliberate decision making process,DDMP
deliver,del
demand,dmd
demi-official,DO
demolish,dml
demonstrate,demo
department,dept
departmental,dept
deploy,depl
deputy,Dy
designate,des
designates,des
destroyer,DD
destroyer guided,DD(G)
detach,det
detachment ground study section,DGSS
develop,dev
diagram,diag
diesel oil,dieso
different,diff
difference,diff
direct,dir
directed,dir
directing,dir
director,Dir
direct support,DS
directing staff,DS
director engineers,D Engrs
directorate,dte
director general,DG
directorate general defence purchase,DGDP
directorate general forces intelligence,DGFI
directorate general medical service,DGMS
disadvantage,disadv
disaster management,DM
disburse,disb
disbursement,disb
discipline,discip
discuss,disc
discussion,disc
disengagement,disengt
dispersal,disp
dispersal area,Disp A
disposition,disposn
distance,dstn
distance measuring equipment,DME
distribute,distr
distribution,distr
district,dist
divide,div
divided,div
division,div
divisional administrative area,DAA
docking and essential defects,DED
dockyard,dyd
dockyard and engineering workshop,DEW
doctrine,doc
doctrine development process,DDP
doctrinal template,DOCTEMP
document,docu
double side band,dsb
dozen,doz
draft for approval,DFA
drop zone,DZ
earmark,emk
east bengal,EB
east bengal,E Bengal
echelon,ech
economy,econ
education training grant,ETG
education,edn
educational,edn
effect,eff
effective,eff
effect based operation,EBO
effective sonar range,ESR
electronic emission control,EMCON
electrical,L
electrical bn branch,L
electrical and mechanical,E&M
electrical and mechanical engineering regulations,EMER
electro magnetic pulse,EMP
electronic protection measure,EPM
electronic warfare support measure,ESM
electronic counter countermeasures,ECCM
electronic countermeasures,ECM
electronic flight instrument system,EFIS
electronic intelligence,ELINT
emergency locator transmitter,ELT
engine maintenance manual,EMM
electronic order of battle,EOB
element,elm
elemental,elm
elementary,elm
embark,emb
embussing point,EP
emergency,emg
emplace,empl
employ,emp
enclose,encl
enemy,en
engagement,engt
engagement area,EA
engine,eng
engineer,engr
engineer construction battalion,ECB
engineer construction brigade,ECBDE
engineering,engg
envelope,env
environment,envt
equipment,eqpt
equipment and boot repairer,E&BR
equipment collecting point,ECP
equipment table,ET
equivalent,eqvt
essential elements of information,EEI
essential elements of friendly information,EEFI
establish,estb
estimate,est
evacuate,evac
evaluate,eval
event template,EVENTEMP
examine,exam
exchange,exch
exchange of life,E of L
exclude,excl
exclusive economic zone,EEZ
execute,exec
executive,(X)
executive bn branch,(X)
exercise,ex
exfiltration,exfil
expedite,xpd
explanation,expln
expense,exp
expenditure,exp
explode,expl
explosion,expl
explosive,expl
explosive ordnance disposal,EOD
explosive reactive armour,ERA
extend,ext
extension,ext
extended,ext
external,extl
extra regimental employment,ERE
excess defence articles,EDA
estimated time of arrival,ETA
estimated time of completion,ETC
estimated time of departure,ETD
facsimile,FAX
favourable air situation,FAS
fast attack craft,FAC
fast motor boat,FMB
fast patrol boat,FPB
feet of fresh water,FFW
feet of sea water,FSW
forward repair and recovery team,FRRT
field,fd
field general court-martial,FGCM
field intelligence service,FIS
field intelligence unit,FIU
field of fire,F of F
field post office,FPO
field service marching order,FSMO
field service regulations,FSR
field surgical team,FST
field training exercise,FTX
fighter controller training unit,FCTU
fighter engagement zone,FEZ
fighter ground attack,FGA
fighter reconnaissance,FR
fight,ftg
fighting,ftg
fighting in the build up areas,FIBUA
figure,fig
final handling test,FHT
finance,fin
financial year,FY
finishing an exercise,FINEX
finishing an exercise time of,FINEX
fire and move,F and M
fire control data computer,FCDC
fire control equipment,FCE
fire control director,FCD
fire control instrument,FCI
fire control radar,FCR
fire control system,FCS
fire fighting,F/F
fire support coordination centre,FSCC
fire support coordination line,FSCL
fire support coordination measures,FSCM
fire support plan,FSP
fixed decompression chamber,FDC
fixed wing,FW
fleet maintenance group,FMG
fleet operational and tactical instruction,FOTI
fleet orders,FO
flexible steel wire rope,FSWR
flight,flt
flight control system,FCS
flight level,FL
flying,flg
fly-away pack,FAPs
fly-away packs,FAPs
flying instructor course,FIC
folding boat equipment,FBE
follow,fol
foot,ft
feet,ft
formation,fmn
forming-up place,FUP
forward,fwd
forward air base,FAB
forward aiming and refueling point,FARP
forward air support operation centre,FASOC
forward airhead maintenance area,FAMA
forward assembly area,FAA
forward combat zone,FCZ
forward control post,FCP
forward defended locality,FDL
forward edge of battle area,FFBA
forward line of enemy troops,FLET
forward line of own troops,FLOT
forward logistic base,FLB
forward maintenance area,FMA
forward operating base,FOB
forward ordnance depot,FOD
forward repair team,FRT
forward repair and recovery team,FRRT
fragment,frag
fragmentary order,FragO
free fire zone,FFZ
fresh ration allowance,FRA
fresh water,FW
friendly aircraft movement,FAM
friendly aircraft movement net,FAM
friendly forces information requirements,FFIR
frigate,FF(G)
frigate guided,FF(G)
function,func
functional check flight,FCF
furnace fuel oil,FFO
furthest-on circles,FOC
gallon per minute,gpm
garrison,gar
garrison duty officer,GDO
garrison engineer,GE
general court martial,GCM
general duties,GD
general list,GL
general operations plot,GOP
general purpose machine gun,GPMG
general service training pamphlet,GSTP
general service training publication,GSTP
general staff,GS
general staff policy committee,GSPC
general transport,GT
generalize,gen
geographical reference system,GEOREF
global maritime distress and safety system,GMDSS
global positioning system,GPS
government,govt
government order,GO
grade point average,GPA
grenade,gren
ground,grd
ground based air defence,GBAD
ground controlled approach,GCA
ground controlled interception,GCI
ground support equipment,GSE
ground power unit,GPU
ground of tactical importance,GTI
ground zero,GZ
group,gp
grouped,gp
grouping,gp
group testing officer,GTO
group training,GPT
guard,gd
guarded,gd
guarding,gd
guided missile,GM
guided missile destroyer,DDG
guided weapon system,GWS
gun controller,GC
gun direction room,GDR
gun defended area,GDA
gun position indicator,GPI
gun system automation,GSA
gun target bearing,GTB
harbour,har
harbour acceptance trial,HAT
hardened aircraft shelter,HAS
head,hd
headquarters,HQ
heavy anti-aircraft,HAA
heavy cruiser,CA
heavy,hy
heavily,hy
height,ht
helicopter,heli
helicopter attack group,HAG
helicopter control ship,HCS
helicopter operations from ships other than aircraft carriers,HOSTAC
high density airspace control zone,HIDACZ
high explosive anti-tank,HEAT
high explosive incendiary tracer,HEIT
high explosive squash head,HESH
high explosive tracer,HET
high level air defence,HLAD
high pay off target,HPT
high power,HP
high tension,HT
high to medium altitude air defence,HIMAD
high value target,HVT
high value air assets,HVAA
high water,HW
history,hist
hollow charge,HC
hostile battery,HB
howitzer,how
humanitarian assistance and disaster relief,HADR
humanitarian assistance and disaster response,HADR
hygiene,hyg
hybrid warfare,HW
identification friend or foe,IFF
identify,ident
identity card,ID
illuminate,illum
immediate,imm
immediate photographic interpretation report,IPIR
important,imp
importance,imp
improve,impv
improved,impv
improvement,impv
improving,impv
improvised explosive device,IED
improvised explosive device disposal,IEDD
in respect of,iro
in support and under command for movement,INSPUCM
include,incl
incorporate,incorp
increase,incr
increment,incr
independent,indep
indicated air speed,IAS
individual,indl
individuality,indl
individually,indl
individual physical fitness test,IPFT
infantry,inf
infantry battalion in battle,IBIB
infantry fighting vehicle,IFV
infiltration,infil
inflatable boat for seal,IBS
inform,info
information,info
information technology,IT
information warfare,IW
infra-red,IR
inshore minesweeper,IMS
inspection,insp
install,instl
instruct,instr
instrument flight rules,IFR
instrument landing system,ILS
instrument meteorological condition,IMC
intelligence and electronic warfare,IEW
interactive electronic technical publications,IETP
illustrated parts catalogue,IPC
intelligence preparation of battlefield,IPB
intelligence summary,INTSUM
intelligence synchronization matrix,ISM
intelligent report,INTREP
intensive care unit,ICU
inter service public relation,ISPR
inter services selection board,ISSB
internal communication,intercom
intercontinental ballistic missile,ICBM
intermediate,intmed
intermediate range ballistic missile,IRBM
internal,itrl
internal affairs,IA
internal and external affairs,I&EA
internal security,IS
international,intl
international armed conflict,IAC
international compressed air breathing apparatus,ICABA
international committee of red cross,ICRC
international maritime boundary line,IMBL
international maritime satellite system,INMARSAT
interrogate,intg
introduce,intro
investigation,invstg
issue voucher,IV
jamming report,JAMREP
joint,jt
joint force,JF
joint forces headquarters,JFHQ
joint command centre,JCC
joint command operations centre,JCOC
joint force commander,JFC
joint interrogation cell,JIC
joint integrated prioritized target list,JIPTL
joint and miscellaneous training,J&MT
joint operations centre,JOC
joint operation coordination centre,JOCC
joint planning staff,JPS
joint plan and project,Jt P&P
joint services instructions,JSI
joint services publication,JSP
joint services staff duties manual,JSSDM
joint task forces commander,JTFC
joint targeting coordination board,JTCB
joint task force headquarters,JTFHQ
joint warfare,JW
junction,Junc
judge advocate general,JAG
junction point,JP
jungle lane shooting,JLS
jungle warfare,juW
junior,jr
junior command and staff course,JCSC
key point,KP
key point installation,KPI
key terrain,KT
khulna shipyard,KSY
killed in action,KIA
killing ground,KG
killing zone,KZ
kinetic energy,KE
knock out,KO
knocked out,KO
kilometer per liter,kpl
kerosene,kero
landing area,LA
landing craft logistics,LCL
landing craft personnel,LCP
landing craft tank,LCT
landing craft utility,LCU
landing craft tank/utility,LCT/U
landing craft vehicle and personnel,LCVP
landing ground,LG
landing platform dock,LPD
landing platform dock assault ship,LPD
landing platform helicopter,LPH
landing ship logistic,LSL
landing ship tank,LST
landing site,LS
landing zone,LZ
large scale small group operation,LSSGO
laser guided bomb,LGB
laser range finder,LRF
last ration certificate,LRC
latitude,lat
latitudinal,lat
latitudinally,lat
law of armed conflict,LOAC
leader,ldr
leave,lve
leave ration allowance,LRA
left out of battle,LOB
letter,ltr
letter of assist,LOA
letter of acceptance,LOA
letter of intent,LOI
letter of interest,LOI
letter of request,LOR
level,lvl
liberation war,LW
light aid detachment,LAD
light aircraft cruiser,CVL
light anti-aircraft,LAA
light machine gun,LMG
limited,ltd
limited line of submerged approach,LLSuA
line of communication,L of C
lines of communication,L of C
line of control,LOC
line of defence,L of D
line of departure,LOD
line of fire,LOF
line of march,LOM
line of operation,LOO
line of sight,LOS
listening post,LP
local anti-air warfare coordinator,LAAWC
local area network,LAN
local air superiority,LAS
local operations plot,LOP
location statement,LOCSTAT
logistic exercise,LOGEX
logistic exercise without troops,LEWT
logistics,log
logistical,log
long course,LC
long range,LR
long range air navigation,LORAN
loose minute,LM
lorry,lor
low flying area,LFA
low frequency,LF
low intensity conflicts,LIC
low level,LL
low looking radar,LLR
low level air defence,LLAD
low tension,LT
low level transit route,LLTR
low intensity maritime operations,LIMO
low to medium altitude air defence,LOMAD
low water,LW
lubricate,lub
machine gun,MG
machinery control room,MCR
magnetic anomaly detection,MAD
main battle tank,MBT
main communication office,MCO
main defensive zone,MDZ
main dressing station,MDS
main operating base,MOB
main signal office,MSO
main supply route,MSR
maintain,maint
maintenance area,MA
maintenance check flight,MCF
maintenance planning manual,MPM
maintenance unit,MU
major,maj
majority,maj
manage,mng
management,mgt
man portable air defence,MANPAD
manoeuver,mnvr
manually operated gun,MOG
manual of bangladesh military law,MBML
map reading,MR
marine sound signal,MSS
maritime air operations,MAO
maritime domain awareness,MDA
maritime headquarters,MHQ
maritime interdiction operations,MIO
maritime,M
master,M
maritime patrol aircraft,MPA
maritime radar reconnaissance,MRR
maritime rescue coordination centre,MRCC
maritime rescue sub-centre,MRSC
mark,mk
master air attack plan,MAAP
maximum,max
maximize,max
maximum effective range,MER
meal ready to eat,MRE
mean high water springs,MHWS
mean line of advance,MLA
mean low water springs,MLWS
mean point of impact,MPI
mean sea level,MSL
mechanical transport officer,MTO
mechanize,mech
mechanized infantry combat vehicle,MICV
medical evacuation,MEDEVAC
medical inspection,MI
medium frequency,MF
medium machine gun,MMG
medium range anti-submarine torpedo-carrying helicopter,MATCH
medium range surface to air missile,MSAM
memorandum,memo
memorandum of understanding,MOU
memorandums of understanding,MOU
message,msg
mile per hour,mph
miles per gallon,mpg
military,mil
military credit note,MC Note
military dental centre,MDC
military engineering services,MES
military intelligence,MI
military load classification,MLC
military operations,MO
military police,MP
military training area,MTA
military training pamphlet,MTP
mine counter measure vessel,MCMV
mine countermeasure,MCM
ministry of defence,MOD
ministry of defence constabulary,MODC
miscellaneous,misc
missile,msl
missile engagement zone,MEZ
missing in action,MIA
mission,msn
mission essential task,MET
mission oriented training,MOT
mission report,MISREP
mobile dental unit,MDU
mobile forward base,MFB
mobile surgical team,MST
mobile technical detachment,MTD
model discussion,MD
mortar,mor
mortar bombing report,MORTREP
motor fishing vessel,MFV
motor launch,ML
motor torpedo boat,MTB
mount,mt
mountain,mtn
mountain warfare,MW
move,mov
movement order,MovO
moving target indicator,MTI
multiple launch rocket system,MLRS
multiple rocket launcher,MRL
muzzle velocity,MV
named area of interest,NAI
national,ntl
national committee on security affairs,NCSA
national security intelligence,NSI
national air defence committee,NADC
naval armament inspection organization,NAIO
naval armament store depot,NASD
naval aviation,NAV
naval commando advance,NCA
naval commando basic,NCB
naval commando trade,NCT
naval control of shipping,NCS
naval gunfire support,NGS
naval headquarters,NHQ
naval inflatable lifesaving equipment,NILE
naval stores depot,NSD
naval staff policy committee,NSPC
navy training and doctrine command,NATDOC
navigate,nav
navigation,N
navigation and direction,ND
navigation and direction bn only,ND
navy instructions,NI
navy regulations,NR
necessary,nec
network centric warfare,NCW
next of kin,NOK
night,ni
nightly,ni
no further action,NFA
no move before,NMB
nom de plume,NDP
non directional beacon,NDB
no penetration line,NPL
not applicable,NA
not to all addressees,NOTAL
nothing to report,NTR
notice to airmen,NOTAM
notice to move,NTM
nuclear,nuc
nuclear depth bomb,NDB
nuclear killing zone,NKZ
nuclear powered guided missile submarine,SSGN
nuclear powered submarine,SSN
nuclear reserved area,NRA
nuclear biological and chemical,NBC
nuclear biological chemical defence including fire fighting and damage control,NBCD
nuclear biological and chemical warfare,NBCW
number,no
observation,obsn
observation post,OP
obstacle,obs
obstacles,obs
occupation,occu
off shore patrol vessel,OPV
offensive,offn
offensive air support,OAS
offensive counter air operations,OCAO
officer,offr
officer conducting the exercise,OCE
officer in charge,OIC
officers’ basic course,OBC
officers’ performance report,OPR
officiating,offg
on the job training,OJT
operate,op
operation,op
operational command,OPCOM
operational control,OPCON
operational demand,OPDEM
operational group training,OGT
operational plan,Ops Plan
operational sea training group,OSTG
operational sea training guide,OSTG
operational readiness platform,ORP
operation order,OpO
operation other than war,OOTW
oral order,OO
order,O
order of battle,ORBAT
order of march,OOM
orders group,O gp
ordnance,ord
ordnance depot,ordep
organize,org
organized armed group,OAG
originate,orig
original,orig
other rank,OR
other ranks,OR
out board motor,OBM
outdoor patient clinic,OPC
overhaul manual,OM
over head cover,OHC
over head protection,OHP
over head projector,OHP
over staying leave,OSL
over the horizon,OTH
packet,pkt
pamphlet,pamp
paper under consideration,PUC
passage in line,P in L
passage of information,P of I
passenger,pax
passengers,pax
passive air defence,PAD
patrol,ptl
patrol craft,PC
patrol craft squadron,PCS
pay pension and allowance,PP&A
peacekeeping operations,PKO
penetrate,pen
precision guided munitions,PGM
period,pd
periodic,pd
periodical,pd
periodical intelligence report,PERINTREP
permanent,perm
permanently,perm
personal assistant,PA
personal computer,PC
personal radio communications,PRC
personal file,PF
personnel locator beacon,PLB
personnel service,PS
petroleum,pet
petroleum pipe head,PPH
petroleum point,PP
petroleum oil and lubricants,POL
phase,ph
photograph,photo
physical training,PT
pioneer,pnr
piquet,pqt
pilot,plt
plain paper copier,PPC
plan position indicator,PPI
planning,plg
plastic explosive,PE
point,pt
point defence missile system,PDMS
populate,pop
porter,por
position,posn
position and intended movement,PIM
position course and speed,pcs
possible,poss
possibility,poss
post commission academic training,PCAT
power point presentation,ppt
practice,prac
pre-action calibration,PAC
pre-joining training,PJT
preliminary,prelim
prepare,prep
present,pres
presentation,pres
president of mess committee,PMC
president’s guard regiment,PGR
previous,prev
priority,pri
priority intelligence requirements,PIR
prisoners of war,POW
private,pte
privately,pte
privilege leave,P Lve
principal staff officer,PSO
peace support operation,PSO
problem,prob
procure,proc
programme,prog
project,proj
propel,prop
protective fire,PF
protocol and ceremony,P&C
provision,prov
provost marshal,PM
psychology,psy
psychological,psy
psychological operations,psyops
psychological warfare,psyW
public information,P info
put up,PU
put up separately,PUS
qualified flying instructor,QFI
qualified helicopter instructor,QHI
qualified weapon instructor,QWI
qualify,qual
qualified,qual
qualification,qual
quantity,qty
quarter,qtr
quarter ending,QE
quarter guard,QG
question,ques
quick decision making process,QDMP
quick reaction force,QRF
quick response force,QRF
radar control gun,RCG
radar cross section,RCS
radiation hazard,RADHAZ
radio active,rad A
radio detection and ranging,Radar
radio teletype,RATT
radius of action,ROA
railhead,rhd
railway,rly
rally area,RA
range,rng
rank,rk
rapid action battalion,RAB
rapid action force,RAF
rapid demolition device,RDD
rapid runway repair,RRR
rate of climb,ROC
rate of descend,ROD
rate of fire,ROF
ration point,rat P
ration returns,RR
ration,rat
rations,rat
ready to move,RTM
rear area,Rear A
rear combat zone,RCZ
rear maintenance area,RMA
receive,rcv
received,rcv
recognize,recog
recognised air picture,RAP
regimental aid post,RAP
recognized maritime picture,RMP
recommendation,recom
reconnaissance group,R gp
reconnaissance,recce
reconnoitre,recce
recreation leave,R Lve
recruit,rect
refer,Ref
reference,Ref
references,Refs
regiment,regt
regimental,regt
regimentation,regt
regimental command post,RCP
regimental headquarters,RHQ
region military commander,RMC
regulate,reg
rehabilitate,rehab
reimbursement,reim
reinforcement,rft
release point,rel P
remark,rmk
remotely piloted vehicle,RPV
repeated,rptd
replace,repl
replacement,repl
replacement at sea,RAS
replenish,replen
represent,rep
request,req
require,reqr
requisition,rqn
research and development,R&D
reserve,res
reserves,res
restricted,restd
restriction,restd
respiratory minute volume,RMV
responsible,resp
responsibility,resp
retail issue shop,RIS
retired,retd
return to base,RTB
return to unit,RTU
revenue,rev
rigid hull inflatable boat,RHIB
rifle,rfl
rifleman,rfn
right,rt
rigorous imprisonment,RI
river,riv
road head,rdH
rocket,rkt
rocket launcher,RL
rocket propelled grenade,RPG
rounds per gun,rpg
rounds per mortar,r/mor
route march,RM
router,rtr
routine in line,R in L
routine order,RO
rules of engagement,ROE
rules of engagement authorization,ROEAUTH
rules of engagement implementation,ROEIMP
rules of engagement request,ROEREQ
salvage,sal
satellite communication,SATCOM
scene of action commander,SAC
scheme of manoeuvre,S of M
school of maritime warfare and tactics,SMWT
sea air land,SEAL
sea control tactical analysis game,SEATAG
sea exercise programme,SEP
sea lines of communication,SLOC
search and rescue,SAR
search and rescue beacon,SRB
search attack unit,SAU
search light,SL
secretariate,sectt
secretarial,sectt
secretary,secy
sector headquarters,SHQ
squadron headquarters,SHQ
sector operation centre,SOC
security,sy
security intelligence report,SIR
selective stockage list,SSL
self loading rifle,SLR
seriously ill list,SIL
senior,sr
seniority,sr
sena kalyan shangstha,SKS
sequence,seq
serial,ser
serially,ser
seriality,ser
service,svc
shelling report,SHELREP
ship controlled approach,SCA
ships taken up from trade,STUFT
short range air defence,SHORAD
short range ballistic missile,SRBM
short service commission,SSC
short take-off and landing,S/VTOL
vertical take-off and landing,S/VTOL
signal,sig
signal centre,sigcen
signal despatch service,SDS
signal intelligence,SIGINT
signature,sign
simulate,sim
simulator,sim
simulated attack profile,SAP
single side band,SSB
situation,sit
situation report,SITREP
situation template,SITTEMP
situational training exercise,STX
sketch,sk
small arms,SA
small arms ammunition,SAA
small group operation,SGO
smoke,smk
soldier,sldr
soldierly,sldr
solution,soln
sonar control room,SCR
sonar sound telephony,SST
sound ranging,Srg
source,src
spanner,spnr
spare parts distributing centre,SPDC
speak,spk
special air operation,SAO
special bangladesh army order,SBAO
special boat combat crew,SBCC
special boat squadron,SBS
special investigation branch,SIB
special occurrence report,SOR
special sea exercise program,SSEP
special security force,SSF
specialize,spl
specify,spec
speed,spd
speed of advance,SOA
squadron,sqn
square,sq
staff continuation training,SCT
staff course,SC
staff officer,SO
standardize,std
standing operating procedure,SOP
start line,SL
station,sta
stationery,sty
steel wire rope,SWR
stenographer,steno
strafing,stg
strategic,strat
strategical,strat
strategy,strat
strength,str
sub surface raid reporting control ship,SSRRCS
subject,subj
submarine,SS
submarine launched ballistic missile,SLBM
submarine operating area,SOA
submarine operating authority,SUBOPATH
submarine probable area,SPA
subordinate,subord
subscription,subs
substantive,subt
suggest,sug
suggestion,sug
subject indicator code,SIC
summary court martial,SCM
summary general court martial,SGCM
summary of evidence,S of E
summer training,ST
supervision,spv
supervise,spv
super high frequency,SHF
superintendent,suptd
superintending engineer,SE
supernumerary,sny
supplementary intelligence report,SUPINTREP
supply,sup
supply and secretariat,S & S
supply and transport,ST
supply issue point,SIP
supply point,sup P
support,sp
supporting,sp
supported,sp
supporting arms coordinating centre,SACC
suppression of enemy air defence,SEAD
surface,su
surface action group,SAG
surface decompression,SURD
surface raid reporting control ship,SRRCS
surface to air missile,SAM
surface to surface guided weapon,SSGW
surface to surface missile,SSM
surface warfare,SW
surplus,sur
surveil,surv
surveillance,surv
surveillance and target acquisition plan,STA(P)
surveillance control and reporting,SC&R
survey,svy
special warfare diving and salvage,SWADS
switch,sw
switchboard,swbd
symbol,sym
synchronize,sync
syllabus,syl
syndicate,syn
system,sys
table of organization and equipment,TO&E
tabulated record and comparative evaluation,TRACE
tactic,tac
tactical,tac
tactics,tac
tactical air control centre,TACC
tactical air control party,TACP
tactical air management,TAM
tactical air request,TAR
tactical air support of land operations,TASLO
tactical air support of maritime operations,TASMO
tactical area of operational responsibility,TAOR
tactical doctrine,TD
tactical command,TACOM
tactical control,TACON
tactical exercise without troops,TEWT
tactical headquarters,Tac HQ
tactical reconnaissance,tac R
tactical redeployment,TRD
taka,Tk
taken on strength,TOS
tank,tk
target,tgt
target area of interest,TAI
target engagement message,TEM
target indicator unit,TIU
task force,TF
technical investigation report,TIR
technical maintenance,TM
technical support team,TST
technical training institution,TTI
telephone control box,TCB
telephone conversation,telcon
temperature,temp
temporary,ty
temporary duty,tdy
temporary maintenance instruction,TMI
temporary minimum risk route,TMRR
tentacle,tcl
terrain analysis,TERAN
time critical asset,TCA
time mechanical fuze,TM fuze
time of despatch,TOD
time of receipt,TOR
time past a point,TPP
time phase line,TPL
top secret,TOPSEC
torpedo countermeasure,TCM
torpedo danger area,TDA
torpedo danger zone,TDZ
toxic incident report,TOXREP
track,tr
tractor,tcr
tradesman,tdn
tradesmen,tdn
traffic,tfc
trafficability,tfc
traffic collision avoidance system,TCAS
traffic control,TC
traffic control post,TCP
trailer,tlr
train despatch service,TDS
training,trg
transmission,tx
transmitting station,TS
transfer of technology,TOT
time on target,TOT
transport,tpt
transported,tpt
transporting,tpt
transportation,tn
transporter,tptr
trigonometrically,trig
trigonometry,trig
troop,tp
troops,tps
troop carrying vehicle,TCV
tube-launched optically guided warhead,TOW
tutorial discussion,TD
tug repair and logistic area,TRALA
ultra high frequency,UHF
ultra low frequency,ULF
umpire,ump
unclassified,uncl
unarmed aerial system,UAS
unmanned aerial system,UAS
unarmed aerial vehicle,UAV
unmanned aerial vehicle,UAV
unarmed combat aerial vehicle,UCAV
unmanned combat aerial vehicle,UCAV
unconventional,unconv
unconventional warfare,UCW
unconventional warfare force,UWF
under command,UC
under command for administration,UCADMIN
under command for daily maintenance,UCDM
under command for movement,UCM
under mentioned,u/m
underwater warfare,UWW
unexploded bomb,UXB
uniform,unf
urgent,urg
utilize,ut
united nations convention on the law of the sea,UNCLOS
vacancy,vac
vacuum,vacu
vanguard,vangd
variable depth sonar,VDS
variable time,VT
vehicle waiting area,VWA
vehicle,veh
vehicular,veh
vehicle borne,VB
vehicle borne improvised explosive device,VBIED
vehicle radio communication,VRC
vehicle sub-depot,VSD
vehicle off the road,VOR
vehicles off the road,VOR
vehicles per mile,vpm
velocity,vel
venereal disease,VD
vertical replenishment,VERTREP
vertical take-off and landing,V/STOL
short take-off and landing,V/STOL
very high frequency,VHF
very low frequency,VLF
very important person,VIP
very very important person,VVIP
very short range air defence,VSHORAD
visit board search and seizure,VBSS
veterinary,vet
vice,V(title)
village,vill
village defence party,VDP
visible,vis
visibility,vis
visual,vis
visual display unit,VDU
visual flight rules,VFR
visual meteorological conditions,VMC
visual reconnaissance,VR
visual signalling,V/S
vocabulary,vocab
volume,vol
vulnerable,vul
vulnerable area,VA
vulnerable point,VP
vessel traffic monitoring system,VTMS
wagon line,WL
walkie talkie,wktk
war establishment,WE
war game,WG
war maintenance reserve,WMR
wardroom,WR
ware house inventory management system,WHIMS
warning,wng
warning order,WngO
watch keeper,w/k
water line,WL
water point,WP
water trailer,W Tlr
waterproof,wpf
watertight,wth
weapon,wpn
weaponry,wpn
weapon free zone,WFZ
weapon equipment and statistics,WE&S
weather,wx
weight,wt
weightage,wt
wheel,wh
wing,wg
wireless,wrls
wireless set,WS
wireless telegraphy,W/T
with effect from,wef
with reference to,wrt
withdraw,wdr
words per minute,wpm
work order,WkO
workshop,wksp
world wide web,www
wounded in action,WIA
yard,yd
yards,yds
year ending,YE
year,yr
yearly,yr
young officer,YO
zone,Z
zones,Z
zone commander,ZC
zone of fire,ZF
zone headquarters,ZHQ
zonal headquarters,ZHQ
zone military commander,ZMC
zonal military commander,ZMC
avenue of approach,AA
anti-aircraft,AA
airborne,AB
after burner,AB
air defence,AD
air despatch,AD
air defence area,ADA
action data automation,ADA
air defence alert,ADA
advanced dressing station,ADS
air despatch service,ADS
above ground level,AGL
automatic grenade launcher,AGL
air intelligence,AI
air interception,AI
air interdiction,AI
artificial intelligence,AI
army instruction bangladesh,AIB
air investigation board,AIB
air liaison officer,ALO
air electrical officer,ALO
above mentioned,a/m
aforementioned,a/m
amplitude modulated,AM
amplitude modulation,AM
army maintenance area,AMA
airhead maintenance area,AMA
armoured officers basic course,AOBC
artillery officers basic course,AOBC
area of responsibility,AOR
aircraft occurrence report,AOR
ammunition point,AP
air publication,AP
armed police,AP
armour piercing,AP
appropriate,appr
appropriately,appr
appropriation,appr
animal transport,AT
air transport,AT
actual time of departure,ATD
army training directive,ATD
army training instruction,ATI
annual technical inspection,ATI
automatic,auto
automatically,auto
automation,auto
available,aval
availability,aval
brigade administrative area,BAA
bangladesh army act,BAA
bir bikram,BB
baily bridge,BB
battleship,BB
basic commando course,BCC
basic conversion course,BCC
bomb disposal,BD
battle dress,BD
bring forward,BF
brought forward,BF
bill of landing,BL
bomb line,BL
book of reference,BR
bangladesh railway,BR
bridge,br
branch,br
building,bldg
build,bldg
casual,cas
casualty,cas
counter bombardment,CB
charge book,CB
circuit breaker,CB
contingent commander,CC
cruiser,CC
compensatory chance,CC
casualty collection point,CCP
casualty collection post,CCP
centre of gravity,CG
guided missile cruiser,CG
chief instructor,CI
counter insurgency,CI
certificate,CIV
certified issue voucher,CIV
confinement to lines,CL
civil liaison,CL
light cruiser,CL
commander land forces,CLF
landing force,CLF
clerk,clk
clerical,clk
clothe,clo
cloth,clo
course of action,COA
committee of adjustment,COA
communicate,Comm
communication,Comm
command post,CP
critical point,CP
casualty return,CR
central register,CR
certificate receipt voucher,CRV
certified receipt voucher,CRV
cryptographer,crypto
cryptography,crypto
call sign,CS
commando ship,CS
covering troops,CT
currency training,CT
counter terrorism,CT
aircraft carrier,CV
combat vehicle,CV
command vehicle,CV
defence attache,DA
drafting authority,DA
distributing authority,DA
daily allowance,DA
defend,def
defense,def
depot,dep
depart,dep
defensive fire,DF
direction finding,DF
deficiency,dfc
deficient,dfc
director general,DG
degaussing,DG
danger good,DG
decision height,DH
direct hit,DH
differ,diff
different,diff
divide,div
division,div
daily maintenance,DM
disaster management,DM
daily maintenance allowance,DMA
daily messing allowance,DMA
divisional maintenance area,DMA
distribution point,DP
delivery point,DP
dumping point,DP
decision point,DP
despatch rider,DR
discrepancy report,DR
directing staff,DS
direct support,DS
deputy secretary,DS
decision support template,DST
director of supply and transport,DST
driver,dvr
driving,dvr
drop zone,DZ
danger zone,DZ
emergency cash requisition,ECR
enemy contact report,ECR
engine control room,ECR
electric,elec
electrical,elec
electrician,elec
electricity,elec
electronic,elec
embussing,emb
embarkation,emb
estimated time of arrival,ETA
estimated time of completion,ETC
estimated time of departure,ETD
estimated time of return,ETR
early warning,EW
electronic warfare,EW
electronic warfare control ship,EWCS
electronic warfare control station,EWCS
explode,expl
explosive,expl
fighter,F
fleet,F
firm base,FB
fighter bomber,FB
fire base,FB
fighter control,FC
fighter controller,FC
finance controller,FC
field craft,FC
freedom fighter,FF
field firing,FF
frigate,FF
fire rocket,FFR
free flight rocket,FFR
fitted for radio,FFR
fitness inspection,FI
fleet instruction,FI
flight information region,FIR
friendly information requirement,FIR
flight information service,FIS
flying instructor's school,FIS
frequency modulated,FM
frequency modulation,FM
foreign object detection,FOD
forward ordnance depot,FOD
frequent,freq
frequency,freq
field security,FS
field service,FS
field training exercise,FTX
formation training exercise,FTX
fighting,ftg
fight,ftg
fixed wing,FW
fresh water,FW
ground attack,GA
general alert,GA
general air picture,GAP
general air plot,GAP
general deployment plan,GDP
gun direction platform,GDP
guerrilla warfare,GW
guided weapon,GW
hull,H
hydrographer,H
high explosive,HE
hydrophone effect,HE
high frequency,HF
harassing fire,HF
hospital,hosp
hospitalized,hosp
horse power,HP
high power,HP
international boundary,IB
inflatable boat,IB
in charge,IC
internal combustion,IC
image intensification,II
image intensifier,II
institute,inst
institution,inst
insurgency,Insurg
insurgent,Insurg
intelligence,Int
intelligent,Int
instructional practice,IP
initial point,IP
identification safety range,ISR
infantry support raft,ISR
intelligence surveillance and reconnaissance,ISR
individual training,IT
information technology,IT
instructional technique,IT
key area,KA
killing area,KA
laboratory,lab
labour,lab
local air picture,LAP
local air plot,LAP
landing craft mechanized,LCM
landing craft medium,LCM
leading,ldg
landing,ldg
locality,loc
locate,loc
line of defense,LOD
line of departure,LOD
longitude,long
longitudinal,long
longitudinally,long
landing point,LP
local purchase,LP
low power,LP
large patrol craft,LPC
last pay certificate,LPC
light,lt
lightly,lt
left,lt
magazine,mag
magnetize,mag
main effort,ME
map exercise,ME
master control unit,MCU
mixer control unit,MCU
material,mat
materiel,mat
mechanical,MT
motor transport,MT
medical,med
medicine,med
medium,med
medium range system,MRS
master radar station,MRS
medium range,MR
multi-role,MR
meteorology,met
meteorological,met
meteorologist,met
military assistant,MA
military attaché,MA
medical assistant,MA
maintenance area,MA
mine sweeper,MS
mile stone,MS
minute,min
minimum,min
minimize,min
mission oriented task,MOT
mission oriented training,MOT
mobile observer unit,MOU
memorandum of understanding,MOU
mobile,mob
mobilize,mob
modify,mod
modality,mod
mobile fire controller,MFC
mortar fire controller,MFC
motor cycle,MC
movement control,MC
mobility corridor,MC
mine warfare,MW
mountain warfare,MW
mount,mt
mounting,mt
mounted,mt
object,obj
objective,obj
operational control,OCU
conversion unit,OCU
over head protector,OHP
over head projection,OHP
over the horizon radar,OHR
operational hazard report,OHR
observer target,OT
operation theatre,OT
one time process,OTP
one time pad,OTP
paragraph,para
parachute,para
paratrooper,para
public address,PA
public affairs,PA
personal assistant,PA
personnel administration,PA
plastic explosive,PE
promotion exam,PE
personal,pers
personnel,pers
photographic interpretation,PI
photographic interpreter,PI
phase line,PL
pipe line,PL
platoon,pl
please,pl
photographic reconnaissance,PR
public relations,PR
provost,pro
produce,pro
public,pub
publish,pub
publication,pub
prisoner of war,PW
prosecution witness,PW
personal staff,PS
play slot,PS
quantify,qty
quantity,qty
qualified,qual
qualify,qual
qualification,qual
random access memory,RAM
risk assessment matrix,RAM
radio telephone,RT
radio telephony,RT
religion teacher,RT
receipt voucher,RV
rendezvous,RV
recoilless rifle,RR
radio relay,RR
record,RO
retired officer,RO
record,rec
recovery,rec
refuelling point,RP
regimental police,RP
replenishment park,RP
regular,reg
regulate,reg
register,regd
registered,regd
reinforced cement concrete,RCC
rescue coordination centre,RCC
release,rel
relieve,rel
rest and refit,R&R
recuperation,R&R
road,rd
round,rd
rotation per minute,rpm
round per minute,rpm
runway,RW
riverine warfare,RW
rotary wing,RW
research work,RW
sanitary,san
sanitation,san
satellite,SAT
sea acceptance trials,SAT
special branch,SB
stretcher bearer,SB
selection board,SB
service dress,SD
staff duty,SD
supporting effort,SE
secondary effort,SE
section,sec
sector,sec
sectoral,sec
second,sec
security force,SF
security forces,SF
striking force,SF
striking forces,SF
special force,SF
special forces,SF
safety fuse,SF
security intelligence,SI
senior instructor,SI
simple imprisonment,SI
start line,SL
search light,SL
sub machine gun,SMG
speed made good,SMG
save our soul,SOS
struck off strength,SOS
self-propelled,SP
signal publication,SP
start point,SP
surveillance radar,SR
short range,SR
station supply depot,SSD
station stores depot,SSD
guided missile submarine,SSG
special service group,SSG
statistics,stat
statistical,stat
surface picture,Su P
surface plot,Su P
torpedo anti-submarine,TAS
true air speed,TAS
task element,TE
task force,TF
task group,TG
task unit,TU
technical,tech
technician,tech
technique,tech
technology,tech
telephone,tel
telephonist,tel
telephony,tel
terrain,terr
territorial,terr
territory,terr
telegram,tg
telegraph,tg
telegraphic,tg
telegraphist,tg
telegraphy,tg
thermal imager,TI
thermal imagery,TI
thermal imaging,TI
topographic,topo
topographical,topo
topography,topo
time on target,TOT
time over target,TOT
transfer of technology,TOT
turning point,TP
traffic post,TP
tele printer,tptr
transporter,tptr
television,TV
transfer voucher,TV
unserviceable,U/S
unserviceability,U/S
unit entitlement,UE
unit establishment,UE
unit repair organization,URO
unit routine order,URO
vehicle check point,VCP
vehicle collecting point,VCP
vehicle covering diagram,VCD
vertical coverage diagram,VCD
week,wk
weekly,wk
work,wk
weapon training,WT
water tight,WT
winter training,WT
field marshal,FM
general,Gen
lieutenant general,Lt Gen
major general,Maj Gen
brigadier general,Brig Gen
colonel,Col
lieutenant colonel,Lt Col
major,Maj
captain,Capt
lieutenant,Lt
second lieutenant,2Lt
master warrant officer,MWO
senior warrant officer,SWO
warrant officer,WO
sergeant,Sgt
corporal,Cpl
lance corporal,Lcpl
sainik,Snk
sepoy,Sep
gentleman cadet,GC
gentle woman cadet,GWC
non-combatants enrolled,NC(E)
non-combatants unenrolled,NC(U)
officer cadet,Offr Cdt
recruit,Rect
admiral of the fleet,AF
admiral,Adm
vice admiral,V Adm
rear admiral,R Adm
commodore,Cdre
captain,Capt
commander,Cdr
lieutenant commander,Lt Cdr
lieutenant,Lt
sub lieutenant,S Lt
acting sub lieutenant,Ag S Lt
midshipman,Mid
officer cadet,Offr Cdt
master chief petty officer,MCPO
senior chief petty officer,SCPO
chief petty officer,CPO
petty officer,PO
leading seaman,LS
able seaman,AB
ordinary seaman,OD
marshal of the air force,Mshl of the AF
air chief marshal,Air Chf Mshl
air marshal,Air Mshl
air vice marshal,AVM
air commodore,Air Cdre
group captain,Gp Capt
wing commander,Wg Cdr
squadron leader,Sqn Ldr
flight lieutenant,Flt Lt
flying officer,Flg Offr
pilot officer,Plt Offr
officer cadet,Offr Cdt
master warrant officer,MWO
senior warrant officer,SWO
warrant officer,WO
sergeant,Sgt
corporal,Cpl
leading aircraftmen,LAC
aircraftmen 1,AC 1
aircraftmen 2,AC 2
apprentice,Appr
recruits,Rect
additional military assistant operations and training,AMA (O&T)
additional military assistant protocol and external affairs,AMA (P&EA)
adjutant,adjt
adjutant general,AG
ammunition technical officer,ATO
armourer,armr
artificer,atfr
assistant adjutant and quarter master general,AA&QMG
assistant director of ordnance service,ADOS
bandsman,bdsm
battalion quarter master sergeant,BQMS
battery quarter master sergeant,BQMS
battalion sergeant major,BSM
battery sergeant major,BSM
battery commander,BC
brigade major,BM
brigade ordnance junior commissioned officer,BOJCO
brigadier general staff,BGS
carpenter,cptr
chief engineer,CE
chief evaluator,CE
chief instructor,CI
chief of army staff,CAS
chief of doctrine division,CODD
chief of general staff,CGS
chief of staff,COS
colonel general staff,Col GS
colonel staff,Col Staff
commandant,Comdt
commander,Comd
commander artillery,C Arty
commander electrical and mechanical engineers,CEME
commander military engineering service,CMES
commanding officer,CO
company quarter master sergeant,CQMS
company sergeant major,CSM
craftsman,cfn
deputy assistant director of health,DADH
deputy assistant adjutant general,DAAG
deputy assistant adjutant and quartermaster general,DAA&QMG
deputy assistant quartermaster general,DAQMG
deputy military assistant,DMA
deputy military secretary to president,DMSP
deputy military secretary to prime minister,DMSPM
directing staff,DS
director army aviation,D Avn
director of armoured corps,DAC
director of artillery,D Arty
director of budget,D Budget
director of education,D Edn
director of electrical and mechanical engineers,DEME
director of engineers,D Engr
director of infantry,D Inf
director of inspection and technical development,DITD
director of medical services army,DMS (Army)
director of military intelligence,DMI
director of military operations,DMO
director of military training,DMT
director of movement and quartering,DM&Q
director of ordnance services,DOS
director of pay pension and accounts,DPP&A
director of personnel administration,DPA
director of personal services,DPS
director of signals,D Sigs
director of staff duties,DSD
director of supply and transport,DST
director of weapons equipment and statistics,DWE&S
director of works,D Wks
director of works and chief engineer army,DW&CE (Army)
division ordnance junior commissioned officer,DOJCO
draftsman,dtmn
driver,dvr
engineer in chief,E in C
electrical and mechanical engineers,EME
executive engineer,XEN
field intelligence officer,FIO
fitter,ftr
formation training evaluator,FTE
foreman of signals,F of S
forward air controller,FAC
forward observation officer,FOO
general officer commanding,GOC
general staff officer first grade,GSO 1
general staff officer second grade,GSO 2
general staff officer second grade in operations branch,GSO 2 (Ops)
general staff officer third grade,GSO 3
ground liaison officer,GLO
gun position officer,GPO
institution training evaluator,ITE
instructor,instr
instructor gunnery,IG
intelligence officer,IO
junior commissioned officer,JCO
liaison officer,LO
master general of the ordnance,MGO
mechanical transport officer,MTO
medical officer,MO
military secretary,MS
military adviser,MA
military attaché,MA
military assistant,MA
mortar position officer,MPO
movement control officer,MCO
musician,musn
non commissioned officer,NCO
officer commanding,OC
officer in charge,OIC
personal assistant,PA
physical training staff officer,PTSO
pioneer,pnr
principal staff officer,PSO
provost marshal,PM
quarter master general,QMG
quartermaster,QM
regimental medical officer,RMO
regimental quartermaster sergeant,RQMS
regimental sergeant major,RSM
riflemen,rfn
sapper,spr
second in command,2IC
senior instructor,SI
senior medical officer,SMO
senior record officer,SRO
sepoy,sep
signalman,sigmn
squadron quarter master sergeant,SQMS
squadron sergeant major,SSM
staff captain,SC
staff officer,SO
station staff officer,SSO
station transport officer,STO
storeman supply,SMS
storeman technical,SMT
superintendent,supdt
technical staff officer,TSO
unit security officer,USO
warrant officer adjutant,WOA
warrant officer quarter master,WOQM
weapon training officer,WTO
welder,wldr
yeoman of signals,Y of S
assistant chief inspector naval stores,ACINS
assistant chief of naval staff logistics,ACNS (Log)
assistant chief of naval staff materiel,ACNS (M)
assistant chief of naval staff operations,ACNS (O)
assistant chief of naval staff personnel,ACNS (P)
air engineer officer,AEO
air technical officer,ATO
air technical training officer,ATTO
base electrical officer,BLO
base engineering officer,BEO
base supply officer,BSO
blind pilotage officer,BPO
bombardment control officer,BCO
chief electrical artificer,CEA
chief engine room artificer,CERA
chief inspector naval stores,CINS
chief of naval staff,CNS
chief ordnance artificer,COA
chief petty officer,CPO
chief petty officer cook,CPO (Ck)
chief petty officer medical,CPO (Med)
chief petty officer steward,CPO (Stw)
chief petty officer stores,CPO (S)
chief petty officer writer,CPO (W)
chief radio communication supervisor general,CRS (G)
chief radio electrical artificer,CREA
chief radio supervisor,CRS
chief shipwright artificer,CERA (SW)
commander bn fleet,COMBAN
commander chattogram naval area,COMCHIT
commander dhaka naval area,COMDHAKA
commander khulna naval area,COMKHUL
commander design and drawing,CDD
commodore naval aviation,COMNAV
commander planning and estimation,CPE
commander research and development,COMRAD
commander submarine,COMSUB
commodore special warfare diving and salvage command,COMSWADS
commodore superintendent dockyard,CSD
commander flotilla west,COMFLOT WEST
chief hydrographer,CHIEF HYDRO
commanding officer flying wing,COFW
commander logistic wing,Cdr Log Wg
commanding officer maintenance wing,COMW
commander 314 mpa squadron,Cdr 314 Sqn
commander 109 helicopter squadron,Cdr 109 Sqn
cook 1st class,Ck I
cook 2nd class,Ck II
deputy general manager mechanical,DGM (Mech)
deputy general manager ship repair,DGM (SR)
deputy general manager weapon and electrical,DGM(W&E)
director of naval operations,DNO
directorate of naval operations,DNO
director of naval plans,DNP
directorate of naval plans,DNP
director of naval intelligence,DNI
directorate of naval intelligence,DNI
director of submarine,DSUB
directorate of submarine,DSUB
director of signals,D SIG
directorate of signals,D SIG
director of hydrography,D Hydro
directorate of hydrography,D Hydro
director of works,D Wks
directorate of works,D Wks
director of naval aviation,DNAV
directorate of naval aviation,DNAV
director of overseas naval operations,DONO
directorate of overseas naval operations,DONO
director of naval staff duties and ceremony,DNSD&C
directorate of naval staff duties and ceremony,DNSD&C
director of blue economy,DBE
directorate of blue economy,DBE
director of naval special operation,DNSO
directorate of naval special operation,DNSO
director of personnel services,DPS
directorate of personnel services,DPS
director of welfare,D Wel
directorate of welfare,D Wel
director of medical services navy,DMS(N)
directorate of medical services navy,DMS(N)
director of naval training,DNT
directorate of naval training,DNT
director of naval education service,DNES
directorate of naval education service,DNES
director of civilian personnel,DCP
directorate of civilian personnel,DCP
director of naval engineering,DNE
directorate of naval engineering,DNE
director of naval weapons and electrical engineering,DNW&EE
directorate of naval weapons and electrical engineering,DNW&EE
director of naval armament inspection and supply,DNAI&S
directorate of naval armament inspection and supply,DNAI&S
director of naval information and technology,DNIT
directorate of naval information and technology,DNIT
director of ship building,DSB
directorate of ship building,DSB
director of system analysis control and automation,DSACA
directorate of system analysis control and automation,DSACA
director of naval stores,DNS
directorate of naval stores,DNS
director of technical stores,DTS
directorate of technical stores,DTS
director of budget,DOB
directorate of budget,DOB
director of naval supply and transport,DNST
directorate of naval supply and transport,DNST
director of pay pension and accounts,DPP&A
directorate of pay pension and accounts,DPP&A
director of works and chief engineer navy,DW&CE(Navy)
diving medical officer,DMO
divisional officer,DO
drafting authority,DA
electrician 1st class,EN I
electrician 2nd class,EN II
electrical artificer,EA
electrical artificer 4th class,EA-IV
electrical officer,LO
engine room artificer,ERA
engine room artificer shipwright,ERA(SW)
engine room artificer 4th class,ERA IV
engineer officer,EO
engine mechanic,ME
engine mechanic 1st class,ME-I
engine mechanic 2nd class,ME-II
flag lieutenant,Flag Lt
flotilla communication officer,FCO
flotilla diving officer,FDO
flotilla electrical officer,FLO
flotilla engineer officer,FEO
flotilla gunnery officer,FGO
flotilla intelligence officer,FIO
flotilla medical officer,FMO
flotilla motor transport officer,FMTO
flotilla navigation and direction officer,FNDO
flotilla ordnance engineer officer,FOEO
flotilla operations officer,FOO
flotilla supply officer,FSO
flotilla sports and recreation officer,FSRO
flotilla sports and physical training officer,FSPTO
flotilla torpedo and anti-submarine officer,FTASO
flotilla training officer,FTO
executive officer,XO
gunnery officer,GO
general manager planning and estimate,GM(P&E)
general manager personnel and administration,GM(PAD)
general manager yard service,GM(YS)
general manager production,GM(Production)
leading cook,L CK
leading electrician,LEN
leading engineering mechanic,LME
leading medical assistant,LMA
leading patrolman,LPM
leading steward,L Stw
leading store assistant,LSA
leading radio operator general,LRO(G)
leading topass,L TOP
leading writer,L Wtr
manager personnel and administration,MPAD
manager planning and estimation,MPE
manager production,MP
manager yard service,MYS
master at arms,MAA
master chief petty officer communication,MCPO (Com)
master chief petty officer catering,MCPO (Cat)
master chief petty officer electrical,MCPO (L)
master chief petty officer engineering,MCPO (E)
master chief petty officer executive,MCPO (X)
master chief petty officer medical,MCPO (Med)
master chief petty officer ordnance,MCPO (Ord)
master chief petty officer radio-electrical,MCPO (R)
master chief petty officer regulating,MCPO (Reg)
master chief petty officer shipwright,MCPO (SW)
master chief petty officer supply,MCPO (S)
medical assistant,MA
medical assistant 1st class,MA I
medical assistant 2nd class,MA II
medical officer,MO
mine clearance diving officer,MCDO
musician,MUS
musician 1st class,MUS I
musician 2nd class,MUS II
mongla dockyard,MNG DYD
naval secretary,NS
naval armament supply officer,NASO
naval billeting officer,NBO
naval distributing authority,NDA
naval gunfire support liaison officer,NGSLO
naval local audit officer,NLAO
naval officer in charge,NOIC
naval provost marshal,NPM
naval store keeping officer,NSKO
navy training and doctrine command,NATDOC
navigating officer,NO
officer in tactical command,OTC
officer of the day,OOD
officer of the watch,OOW
ordnance artificer,OA
ordnance artificer 4th class,OA IV
patrolman,PM
petty officer cook,PO (Ck)
petty officer medical,PO (Med)
petty officer radio supervisor general,PORS (G)
petty officer regulating,PO (R)
petty officer steward,PO (Stw)
petty officer store,PO (S)
petty officer writer,PO (Wtr)
principal control officer,PCO
principal warfare officer,PWO
principal warfare officer above,PWO(A)
principal warfare officer communication,PWO(C)
principal warfare officer navigation,PWO(N)
principal warfare officer underwater,PWO(U)
radio operator general,RO (G)
radio electrical artificer,REA
radio electrician,REN
radio operator 1st class,RO I
radio operator 2nd class,RO II
senior medical officer,SMO
senior naval officer afloat,SNO (A)
senior officer present afloat,SOPA
senior chief petty officer,SCPO
senior finance controller navy,SFC(N)
signal communication officer,SCO
squadron commander missile boat squadron,SQN CDR MBS
staff officer operation,SO(O)
steward,Stw
steward 1st class,Stw I
steward 2nd class,Stw II
store assistant,SA
radio operator 1st class general,RO(G) I
radio operator 2nd class general,RO(G) II
topass,TOP
topass 1st class,TOP 1
topass 2nd class,TOP 2
torpedo and anti-submarine officer,TASO
under training cook class ii,Ck-II/UT
under training electrician class ii,EN-II/UT
under training engine mechanic class ii,ME-II/UT
under training medical assistant class ii,MA-II/UT
under training patrolman ii,PM-II/UT
torpedo and anti-submarine school,TAS SCHOOL
special warfare diving and salvage,SWADS
under training radio operator class ii,RO(G)-II/UT
under training ordinary sailor class ii,OD/UT
under training steward class ii,Stw-II/UT
under training stores assistant class ii,SA-II/UT
under training topass class ii,TOP-II/UT
under training writer class ii,WTR-II/UT
upper yardman,UYM
writer,Wtr
writer 1st class,Wtr I
writer 2nd class,Wtr II
air officer commanding,AOC
air traffic control officer,ATCO
air transport liaison officer,ATLO
assistant chief of air staff administration,ACAS(A)
assistant chief of air staff maintenance,ACAS(M)
assistant chief of air staff operation,ACAS(O)
assistant chief of air staff plan,ACAS(P)
bangladesh air force academy,BAFA
base adjutant,Base Adjt
base commander,Base Cdr
base legal officer,BLO
base security officer,BSO
base warrant officer,BWO
brigade air support officer,BASO
chief engineer air,CE (Air)
chief of air staff,COAS
compensatory chance,CC
director of administration and coordination,DAC
directorate of administration and coordination,Dte AC
director of air defence,DAD
directorate of air defence,Dte AD
director of air intelligence,DAI
directorate of air intelligence,Dte AI
director of air operations,DAO
directorate of air operations,Dte Air Ops
director of air traffic services,DATS
directorate of air traffic services,Dte ATS
director of air training,DAT
directorate of air training,Dte Air Trg
director of armament and weapons,DA&W
directorate of armament and weapons,Dte A&W
director of communication and electronics,DC&E
directorate of communication and electronics,Dte C&E
director of education,D Edn
directorate of education,Dte Edn
director of engineering,D Engg
directorate of engineering,Dte Engg
director of finance,D Fin
directorate of finance,Dte Fin
director of flight safety,DFS
directorate of flight safety,Dte FS
director of medical services air,DMS(Air)
directorate of medical services air,Dte MS(Air)
director of meteorology,D Met
directorate of meteorology,Dte Met
director of overseas air operations,D OAO
directorate of overseas air operations,Dte OAO
director of personnel,D Pers
directorate of personnel,Dte Pers
director of plan,D Plan
directorate of plan,Dte Plan
director of project,D Proj
directorate of project,Dte Proj
director of recruitment,D Rect
directorate of recruitment,Dte Rect
director of supply,D Sup
directorate of supply,Dte Sup
director of welfare and ceremony,DW&C
directorate of welfare and ceremony,Dte W&C
director of works,D Wks
directorate of works,Dte Wks
directorate of provost marshal,PM Dte
directorate of cyber warfare and information technology,D CW&IT
directorate of cyber warfare and information technology,Dte CW&IT
duty air traffic control officer,DATCO
duty forecasting officer,DFO
duty officer,DO
duty staff officer,DSO
flight safety officer,FSO
forward air controller,FAC
flying instructor’s school,FIS
ground liaison officer,GLO
ground safety officer,GSO
nuclear biological and chemical defence officer,NBCDO
officer commanding,OC
officer in charge,OIC
orderly officer,OO
provost marshal,PM
range safety officer,RSO
senior air traffic control officer,SATCO
staff operation officer,SOO
administrative officer,AO
assistant secretary,AS
chief administrative officer,CAO
civilian gazetted officer,CGO
civilian staff officer,CSO
commander in chief,C in C
controller general of defence finance,CGDF
deputy commissioner,DC
deputy secretary,DS
director general,DG
director inter services public relations,DISPR
director military lands and cantonments,DMLC
duty medical officer,DMO
executive engineer,XEN
field controller of military accounts,FCMA
finance controller,FC
financial adviser,FA
garrison engineer,GE
ground combatant,G Cbt
ground combatants,G Cbt
inspector general of police,IGP
joint secretary,JS
lower division clerk,LDC
military estate officer,MEO
military secretary to the president,MSP
military secretary to the prime minister,MSPM
personal assistant,PA
private secretary,PS
public relations officer,PRO
section officer,SO
senior administrative officer,SAO
senior finance controller,SFC
upper division clerk,UDC
afghanistan,AF
albania,AL
algeria,AG
angola,AO
argentina,AR
australia,AS
austria,AT
bahrain,BA
bangladesh,BD
belgium,BE
bhutan,BT
bosnia and herzegovina,BK
botswana,BW
brazil,BR
brunei,BU
cambodia,CB
canada,CA
chad,TD
chili,CL
china,CH
congo brazzaville,CF
côte d'ivoire,CI
denmark,DA
dr congo,CG
egypt,EG
ethiopia,ET
france,FR
georgia,GG
german federal republic,GE
germany,GM
greece,GR
hong kong,HK
india,IN
indonesia,ID
iran,IR
iraq,IQ
israel,IL
italy,IT
japan,JA
jordan,JO
kenya,KE
korea north,KN
korea south,KS
kuwait,KU
laos,LA
lebanon,LE
malaysia,MY
mali,ML
maldives,MV
morocco,MO
mozambique,MZ
myanmar,MN
namibia,WA
nepal,NP
netherlands,NL
new zealand,NZ
nigeria,NG
norway,NO
oman,MU
pakistan,PK
palestine,PS
philippines,RP
haiti,HA
qatar,QA
russia,RU
saudi arabia,SA
sierra leone,SL
singapore,SG
somalia,SO
south africa,SF
sri lanka,SL
sudan,SD
switzerland,SZ
syria,SY
portugal,PO
tajikistan,TI
thailand,TH
timor-leste,TL
tunisia,TS
turkey,TU
united arab emirates,TC
united kingdom,UK
united states,US
uzbekistan,UZ
vietnam,VM
zimbabwe,ZI
armed forces medical college,AFMC
armed forces institute of pathology,AFIP
armed forces medical institute,AFMI
defence services command and staff college,DSCSC
military institute of science and technology,MIST
national defence college,NDC
armoured corps centre and school,ACC&S
army medical corps centre and school,AMCC&S
army school of education and administration,ASEA
army school of music,ASM
army school of physical training and sports,ASPTS
army war game centre,AWGC
artillery centre and school,AC&S
army service corps centre and school,ASCC&S
bangladesh institute of peace support operation and training,BIPSOT
bangladesh infantry regimental centre,BIRC
bangladesh military academy,BMA
corps of military police centre and school,CMPC&S
east bengal regimental centre,EBRC
electrical and mechanical engineering centre and school,EMEC&S
engineer centre and school of military engineering,ECSME
non commission officer’s academy,NCOA
jco-nco academy,JNA
ordnance centre and school,OC&S
school of infantry and tactics,SI&T
school of military intelligence,SMI
signal training centre and school,STC&S
bangladesh naval academy,BNA
bn dockyard technical institute,BN DTI
computer school,COM SCHOOL
engineering school,E SCHOOL
electrical school,L SCHOOL
fast attack craft school,FAC SCHOOL
gunnery school,GUN SCHOOL
hydrographic school,HYD SCHOOL
junior staff training institute,JSTI
medical school,MED SCHOOL
music school,MUS SCHOOL
naval provost and law school,PALS
naval institute of technology,NIT
navigation and direction school,ND SCHOOL
new entry training school,NETS
nuclear biological chemical defence including fire fighting and damage control school,NBCD SCHOOL
ordnance school,ORD SCHOOL
physical training school,PT SCHOOL
school of logistic and management,SOLAM
school of maritime warfare and tactics,SMWT
school of naval intelligence,SNI
school of swads and centre,SOSAC
seamanship school,SS SCHOOL
signal school,SIG SCHOOL
torpedo and anti-submarine school,TAS SCHOOL
airmen training institute,ATI
airmen training centre,ATC
aero medical institute,AMI
air traffic services school,ATSS
air defence notification centre,ADNC
bangladesh air force academy,BAFA
command and staff training institute,CSTI
flight safety institute,FSI
flying instructor school,FIS
helicopter simulator training institute,HSTI
individual studies school,ISS
mechanical transport driving school,MTDS
officers training school,OTS
recruit training school,RTS
school of physical fitness,SOPF
school of security and intelligence,SSI
